<?xml version="1.0" encoding="UTF-8" ?>
<!DOCTYPE beans PUBLIC "-//SPRING//DTD BEAN//EN" "http://www.springframework.org/dtd/spring-beans.dtd">
<beans default-lazy-init="false" default-dependency-check="none"
    default-autowire="no">

    <bean id="dateFormat" class="java.text.SimpleDateFormat">
        <constructor-arg value="yyyy-MMM-dd HH:mm:ss zzz" />
    </bean>

    <!-- I want the Blaze version! -->
    <alias name="blazeJmsConnection" alias="jmsConnection" />

    <!-- The Blaze JMS configuration settings. -->
    <bean id="blazeConnectionFactory" class="org.apache.qpid.client.AMQConnectionFactory">
        <constructor-arg index="0"
            value="amqp://guest:guest@whouatl83tcq31/development?brokerlist='tcp://houston-ibp-1.texas.chase.com:5672'" />
    </bean>

    <bean id="blazeDestination" class="org.apache.qpid.client.AMQQueue">
        <constructor-arg index="0" value="testQueue" />
    </bean>

    <bean id="blazeJmsConnection" class="org.springframework.jms.core.JmsTemplate" singleton="false">
        <property name="connectionFactory">
            <ref bean="blazeConnectionFactory"/>
        </property>
        <property name="defaultDestination">
            <ref bean="blazeDestination"/>
        </property>
        <!-- timeout after 1 minutes (1 minutes x 60 seconds x 1000ms) -->
        <property name="receiveTimeout" value="60000"/>
    </bean>

    <!-- The Weblogic JMS configuration settings. -->
    <bean id="weblogicJndiTemplate" class="org.springframework.jndi.JndiTemplate" singleton="false">
        <property name="environment">
            <props>
                <prop key="java.naming.factory.initial">weblogic.jndi.WLInitialContextFactory</prop>
                <prop key="java.naming.provider.url">t3://houston-ibp-1.texas.chase.com:7500</prop>
            </props>
        </property>
    </bean>

    <bean id="weblogicJmsConnectionFactory" class="org.springframework.jndi.JndiObjectFactoryBean">
        <property name="jndiName" value="JMSConnectionFactory"/>
        <property name="cache" value="false" />
        <property name="proxyInterface" value="javax.jms.QueueConnectionFactory"/>
        <property name="jndiTemplate">
            <ref bean="weblogicJndiTemplate" />
        </property>
    </bean>

    <bean id="weblogicDestination" class="org.springframework.jndi.JndiObjectFactoryBean">
        <property name="jndiName" value="testQueue"/>
        <property name="jndiTemplate">
            <ref bean="weblogicJndiTemplate" />
        </property>
    </bean>

    <bean id="weblogicJmsConnection" class="org.springframework.jms.core.JmsTemplate" singleton="false">
        <property name="connectionFactory">
            <ref bean="weblogicJmsConnectionFactory"/>
        </property>
        <property name="defaultDestination">
            <ref bean="weblogicDestination"/>
        </property>
        <!-- timeout after 1 minutes (1 minutes x 60 seconds x 1000ms) -->
        <property name="receiveTimeout" value="60000"/>
    </bean>

</beans>